{"ProjectWatches":"{\"Value\":[{\"Id\":\"4e0aa145-3efe-4452-8443-7f35de191dfe\",\"Expression\":\"In_Precios\"},{\"Id\":\"0f169387-5328-4a0e-9c50-5f9b74a0e790\",\"Expression\":\"row\"},{\"Id\":\"95dded33-cbc4-497c-92cc-78137d97b8b4\",\"Expression\":\"row(\\\"Precio\\\")\"},{\"Id\":\"f9837c9c-2179-455c-984a-e4daabb05ea4\",\"Expression\":\"dtAnyadirResultados\"}]}","OpenedDocuments":"[\"Process.xaml\",\"Framework/InitAllApplications.xaml\",\"Main.xaml\"]","ProjectBreakpoints":"{\"Value\":{\"Process.xaml\":[{\"ConditionalExpression\":null,\"ActionExpression\":null,\"ExpectedHitCounter\":null,\"ShouldContinueAfterAction\":false,\"IsEnabled\":false,\"ActivityIdRef\":\"Assign_5\",\"ActivityId\":\"1.39\",\"ActivityName\":\"Assign\"}],\"Main.xaml\":[{\"ConditionalExpression\":null,\"ActionExpression\":null,\"ExpectedHitCounter\":null,\"ShouldContinueAfterAction\":false,\"IsEnabled\":false,\"ActivityIdRef\":\"Sequence_29\",\"ActivityId\":\"1.158\",\"ActivityName\":\"Sequence\"},{\"ConditionalExpression\":null,\"ActionExpression\":null,\"ExpectedHitCounter\":null,\"ShouldContinueAfterAction\":false,\"IsEnabled\":true,\"ActivityIdRef\":\"Assign_28\",\"ActivityId\":\"1.169\",\"ActivityName\":\"Assign\"}],\"Framework/InitAllApplications.xaml\":[{\"ConditionalExpression\":null,\"ActionExpression\":null,\"ExpectedHitCounter\":null,\"ShouldContinueAfterAction\":false,\"IsEnabled\":false,\"ActivityIdRef\":\"Sequence_9\",\"ActivityId\":\"1.1\",\"ActivityName\":\"Initialize All Applications\"}]}}"}